		<?xml version="1.0" encoding="UTF-8"?>
		<!DOCTYPE mapper PUBLIC "-//mybatis.org//DTD Mapper 3.0//EN" "http://mybatis.org/dtd/mybatis-3-mapper.dtd">
<mapper namespace="com.longshare.cmsp.customer.management.orm.mapper.CustKeyDateMapper">
	<sql id="includeColumns">
		<trim suffixOverrides=",">
						date_id as dateId,
						customer_id as customerId,
						key_date as keyDate,
						name as name,
						description as description,
					</trim>

	</sql>
	<sql id="dynamicWhere">
		<where>
			1 = 1
									<if test="dateId != null and dateId != ''">
				and date_id = #{dateId,jdbcType=CHAR}
			</if>
												<if test="customerId != null and customerId != ''">
				and customer_id = #{customerId,jdbcType=CHAR}
			</if>
												<if test="keyDate != null">
				and key_date = #{keyDate,jdbcType=TIMESTAMP},
			</if>
												<if test="name != null and name != ''">
				and name = #{name,jdbcType=VARCHAR}
			</if>
												<if test="description != null and description != ''">
				and description = #{description,jdbcType=VARCHAR}
			</if>
								</where>
	</sql>

	<select id="queryByPage" parameterType="com.longshare.cmsp.customer.management.orm.param.CustKeyDateQueryBean"
			resultType="com.longshare.cmsp.customer.management.orm.entity.CustKeyDateEntity">
		select
		<include refid="includeColumns"/>

		from cust_key_date
		<include refid="dynamicWhere"/>
		<if test="orderByStr != null and '' != orderByStr">
			<bind name="orderByStr" value="orderBy.replaceAll('\\+',' ASC').replaceAll('-',' DESC')"/>
			order by ${orderByStr}
		</if>
	</select>

	<select id="query" parameterType="com.longshare.cmsp.customer.management.orm.param.CustKeyDateQueryBean"
			resultType="com.longshare.cmsp.customer.management.orm.entity.CustKeyDateEntity">
		select
		<include refid="includeColumns"/>
		from cust_key_date
		<include refid="dynamicWhere"/>
		<if test="orderBy != null and '' != orderBy">
			<bind name="orderByStr" value="orderBy.replaceAll('\\+',' ASC').replaceAll('-',' DESC')"/>
			order by ${orderByStr}
		</if>
	</select>

	<select id="queryById" parameterType="java.lang.String"
			resultType="com.longshare.cmsp.customer.management.orm.entity.CustKeyDateEntity">
		select
		<include refid="includeColumns"/>
		from cust_key_date
		where
		date_id = #{dateId,jdbcType=CHAR}
	</select>

	<update id="update" parameterType="com.longshare.cmsp.customer.management.orm.entity.CustKeyDateEntity">
		update cust_key_date
		<trim prefix="set" suffixOverrides=",">
									<if test="dateId != null and dateId != ''">
				date_id = #{dateId,jdbcType=CHAR},
			</if>
												<if test="customerId != null and customerId != ''">
				customer_id = #{customerId,jdbcType=CHAR},
			</if>
												<if test="keyDate != null">
				key_date = #{keyDate,jdbcType=TIMESTAMP},
			</if>
												<if test="name != null and name != ''">
				name = #{name,jdbcType=VARCHAR},
			</if>
												<if test="description != null and description != ''">
				description = #{description,jdbcType=VARCHAR},
			</if>
								</trim>
		<where>
			date_id = #{dateId,jdbcType=CHAR}
		</where>
	</update>

	<insert id="insert" parameterType="com.longshare.cmsp.customer.management.orm.entity.CustKeyDateEntity">
		insert into cust_key_date
		<trim prefix="(" suffix=")" suffixOverrides=",">
						date_id,
						customer_id,
						key_date,
						name,
						description,
					</trim>
		<trim prefix="values (" suffix=")" suffixOverrides=",">
									#{dateId,jdbcType=CHAR},
												#{customerId,jdbcType=CHAR},
												#{keyDate,jdbcType=TIMESTAMP},
												#{name,jdbcType=VARCHAR},
												#{description,jdbcType=VARCHAR},
								</trim>
	</insert>
	<delete id="delete" parameterType="java.lang.String">
		delete from cust_key_date
		where
		date_id = #{dateId,jdbcType=CHAR}
	</delete>
</mapper>