		<?xml version="1.0" encoding="UTF-8"?>
		<!DOCTYPE mapper PUBLIC "-//mybatis.org//DTD Mapper 3.0//EN" "http://mybatis.org/dtd/mybatis-3-mapper.dtd">
<mapper namespace="com.longshare.cmsp.customer.management.orm.mapper.CustEduExperienceMapper">
	<sql id="includeColumns">
		<trim suffixOverrides=",">
						edu_experience_id as eduExperienceId,
						customer_id as customerId,
						school_name as schoolName,
						school_type as schoolType,
						begin_date as beginDate,
						end_date as endDate,
					</trim>

	</sql>
	<sql id="dynamicWhere">
		<where>
			1 = 1
									<if test="eduExperienceId != null and eduExperienceId != ''">
				and edu_experience_id = #{eduExperienceId,jdbcType=CHAR}
			</if>
												<if test="customerId != null and customerId != ''">
				and customer_id = #{customerId,jdbcType=CHAR}
			</if>
												<if test="schoolName != null and schoolName != ''">
				and school_name = #{schoolName,jdbcType=VARCHAR}
			</if>
												<if test="schoolType != null and schoolType != ''">
				and school_type = #{schoolType,jdbcType=VARCHAR}
			</if>
												<if test="beginDate != null">
				and begin_date = #{beginDate,jdbcType=TIMESTAMP},
			</if>
												<if test="endDate != null">
				and end_date = #{endDate,jdbcType=TIMESTAMP},
			</if>
								</where>
	</sql>

	<select id="queryByPage" parameterType="com.longshare.cmsp.customer.management.orm.param.CustEduExperienceQueryBean"
			resultType="com.longshare.cmsp.customer.management.orm.entity.CustEduExperienceEntity">
		select
		<include refid="includeColumns"/>

		from cust_edu_experience
		<include refid="dynamicWhere"/>
		<if test="orderByStr != null and '' != orderByStr">
			<bind name="orderByStr" value="orderBy.replaceAll('\\+',' ASC').replaceAll('-',' DESC')"/>
			order by ${orderByStr}
		</if>
	</select>

	<select id="query" parameterType="com.longshare.cmsp.customer.management.orm.param.CustEduExperienceQueryBean"
			resultType="com.longshare.cmsp.customer.management.orm.entity.CustEduExperienceEntity">
		select
		<include refid="includeColumns"/>
		from cust_edu_experience
		<include refid="dynamicWhere"/>
		<if test="orderBy != null and '' != orderBy">
			<bind name="orderByStr" value="orderBy.replaceAll('\\+',' ASC').replaceAll('-',' DESC')"/>
			order by ${orderByStr}
		</if>
	</select>

	<select id="queryById" parameterType="java.lang.String"
			resultType="com.longshare.cmsp.customer.management.orm.entity.CustEduExperienceEntity">
		select
		<include refid="includeColumns"/>
		from cust_edu_experience
		where
		edu_experience_id = #{eduExperienceId,jdbcType=CHAR}
	</select>

	<update id="update" parameterType="com.longshare.cmsp.customer.management.orm.entity.CustEduExperienceEntity">
		update cust_edu_experience
		<trim prefix="set" suffixOverrides=",">
									<if test="eduExperienceId != null and eduExperienceId != ''">
				edu_experience_id = #{eduExperienceId,jdbcType=CHAR},
			</if>
												<if test="customerId != null and customerId != ''">
				customer_id = #{customerId,jdbcType=CHAR},
			</if>
												<if test="schoolName != null and schoolName != ''">
				school_name = #{schoolName,jdbcType=VARCHAR},
			</if>
												<if test="schoolType != null and schoolType != ''">
				school_type = #{schoolType,jdbcType=VARCHAR},
			</if>
												<if test="beginDate != null">
				begin_date = #{beginDate,jdbcType=TIMESTAMP},
			</if>
												<if test="endDate != null">
				end_date = #{endDate,jdbcType=TIMESTAMP},
			</if>
								</trim>
		<where>
			edu_experience_id = #{eduExperienceId,jdbcType=CHAR}
		</where>
	</update>

	<insert id="insert" parameterType="com.longshare.cmsp.customer.management.orm.entity.CustEduExperienceEntity">
		insert into cust_edu_experience
		<trim prefix="(" suffix=")" suffixOverrides=",">
						edu_experience_id,
						customer_id,
						school_name,
						school_type,
						begin_date,
						end_date,
					</trim>
		<trim prefix="values (" suffix=")" suffixOverrides=",">
									#{eduExperienceId,jdbcType=CHAR},
												#{customerId,jdbcType=CHAR},
												#{schoolName,jdbcType=VARCHAR},
												#{schoolType,jdbcType=VARCHAR},
												#{beginDate,jdbcType=TIMESTAMP},
												#{endDate,jdbcType=TIMESTAMP},
								</trim>
	</insert>
	<delete id="delete" parameterType="java.lang.String">
		delete from cust_edu_experience
		where
		edu_experience_id = #{eduExperienceId,jdbcType=CHAR}
	</delete>
</mapper>