		<?xml version="1.0" encoding="UTF-8"?>
		<!DOCTYPE mapper PUBLIC "-//mybatis.org//DTD Mapper 3.0//EN" "http://mybatis.org/dtd/mybatis-3-mapper.dtd">
<mapper namespace="com.longshare.cmsp.customer.management.orm.mapper.CustWorkExperienceMapper">
	<sql id="includeColumns">
		<trim suffixOverrides=",">
						work_experience_id as workExperienceId,
						customer_id as customerId,
						company_name as companyName,
						company_type as companyType,
						duty as duty,
						begin_date as beginDate,
						end_date as endDate,
					</trim>

	</sql>
	<sql id="dynamicWhere">
		<where>
			1 = 1
									<if test="workExperienceId != null and workExperienceId != ''">
				and work_experience_id = #{workExperienceId,jdbcType=CHAR}
			</if>
												<if test="customerId != null and customerId != ''">
				and customer_id = #{customerId,jdbcType=CHAR}
			</if>
												<if test="companyName != null and companyName != ''">
				and company_name = #{companyName,jdbcType=VARCHAR}
			</if>
												<if test="companyType != null and companyType != ''">
				and company_type = #{companyType,jdbcType=VARCHAR}
			</if>
												<if test="duty != null and duty != ''">
				and duty = #{duty,jdbcType=VARCHAR}
			</if>
												<if test="beginDate != null">
				and begin_date = #{beginDate,jdbcType=TIMESTAMP},
			</if>
												<if test="endDate != null">
				and end_date = #{endDate,jdbcType=TIMESTAMP},
			</if>
								</where>
	</sql>

	<select id="queryByPage" parameterType="com.longshare.cmsp.customer.management.orm.param.CustWorkExperienceQueryBean"
			resultType="com.longshare.cmsp.customer.management.orm.entity.CustWorkExperienceEntity">
		select
		<include refid="includeColumns"/>

		from cust_work_experience
		<include refid="dynamicWhere"/>
		<if test="orderByStr != null and '' != orderByStr">
			<bind name="orderByStr" value="orderBy.replaceAll('\\+',' ASC').replaceAll('-',' DESC')"/>
			order by ${orderByStr}
		</if>
	</select>

	<select id="query" parameterType="com.longshare.cmsp.customer.management.orm.param.CustWorkExperienceQueryBean"
			resultType="com.longshare.cmsp.customer.management.orm.entity.CustWorkExperienceEntity">
		select
		<include refid="includeColumns"/>
		from cust_work_experience
		<include refid="dynamicWhere"/>
		<if test="orderBy != null and '' != orderBy">
			<bind name="orderByStr" value="orderBy.replaceAll('\\+',' ASC').replaceAll('-',' DESC')"/>
			order by ${orderByStr}
		</if>
	</select>

	<select id="queryById" parameterType="java.lang.String"
			resultType="com.longshare.cmsp.customer.management.orm.entity.CustWorkExperienceEntity">
		select
		<include refid="includeColumns"/>
		from cust_work_experience
		where
		work_experience_id = #{workExperienceId,jdbcType=CHAR}
	</select>

	<update id="update" parameterType="com.longshare.cmsp.customer.management.orm.entity.CustWorkExperienceEntity">
		update cust_work_experience
		<trim prefix="set" suffixOverrides=",">
									<if test="workExperienceId != null and workExperienceId != ''">
				work_experience_id = #{workExperienceId,jdbcType=CHAR},
			</if>
												<if test="customerId != null and customerId != ''">
				customer_id = #{customerId,jdbcType=CHAR},
			</if>
												<if test="companyName != null and companyName != ''">
				company_name = #{companyName,jdbcType=VARCHAR},
			</if>
												<if test="companyType != null and companyType != ''">
				company_type = #{companyType,jdbcType=VARCHAR},
			</if>
												<if test="duty != null and duty != ''">
				duty = #{duty,jdbcType=VARCHAR},
			</if>
												<if test="beginDate != null">
				begin_date = #{beginDate,jdbcType=TIMESTAMP},
			</if>
												<if test="endDate != null">
				end_date = #{endDate,jdbcType=TIMESTAMP},
			</if>
								</trim>
		<where>
			work_experience_id = #{workExperienceId,jdbcType=CHAR}
		</where>
	</update>

	<insert id="insert" parameterType="com.longshare.cmsp.customer.management.orm.entity.CustWorkExperienceEntity">
		insert into cust_work_experience
		<trim prefix="(" suffix=")" suffixOverrides=",">
						work_experience_id,
						customer_id,
						company_name,
						company_type,
						duty,
						begin_date,
						end_date,
					</trim>
		<trim prefix="values (" suffix=")" suffixOverrides=",">
									#{workExperienceId,jdbcType=CHAR},
												#{customerId,jdbcType=CHAR},
												#{companyName,jdbcType=VARCHAR},
												#{companyType,jdbcType=VARCHAR},
												#{duty,jdbcType=VARCHAR},
												#{beginDate,jdbcType=TIMESTAMP},
												#{endDate,jdbcType=TIMESTAMP},
								</trim>
	</insert>
	<delete id="delete" parameterType="java.lang.String">
		delete from cust_work_experience
		where
		work_experience_id = #{workExperienceId,jdbcType=CHAR}
	</delete>
</mapper>