		<?xml version="1.0" encoding="UTF-8"?>
		<!DOCTYPE mapper PUBLIC "-//mybatis.org//DTD Mapper 3.0//EN" "http://mybatis.org/dtd/mybatis-3-mapper.dtd">
<mapper namespace="com.longshare.cmsp.customer.management.orm.mapper.CustFamilyMapper">
	<sql id="includeColumns">
		<trim suffixOverrides=",">
						family_id as familyId,
						customer_id as customerId,
						name as name,
						mobile as mobile,
						relationship as relationship,
						vocation as vocation,
						birthday as birthday,
					</trim>

	</sql>
	<sql id="dynamicWhere">
		<where>
			1 = 1
									<if test="familyId != null and familyId != ''">
				and family_id = #{familyId,jdbcType=CHAR}
			</if>
												<if test="customerId != null and customerId != ''">
				and customer_id = #{customerId,jdbcType=CHAR}
			</if>
												<if test="name != null and name != ''">
				and name = #{name,jdbcType=VARCHAR}
			</if>
												<if test="mobile != null and mobile != ''">
				and mobile = #{mobile,jdbcType=VARCHAR}
			</if>
												<if test="relationship != null and relationship != ''">
				and relationship = #{relationship,jdbcType=VARCHAR}
			</if>
												<if test="vocation != null and vocation != ''">
				and vocation = #{vocation,jdbcType=VARCHAR}
			</if>
												<if test="birthday != null and birthday != ''">
				and birthday = #{birthday,jdbcType=VARCHAR}
			</if>
								</where>
	</sql>

	<select id="queryByPage" parameterType="com.longshare.cmsp.customer.management.orm.param.CustFamilyQueryBean"
			resultType="com.longshare.cmsp.customer.management.orm.entity.CustFamilyEntity">
		select
		<include refid="includeColumns"/>

		from cust_family
		<include refid="dynamicWhere"/>
		<if test="orderByStr != null and '' != orderByStr">
			<bind name="orderByStr" value="orderBy.replaceAll('\\+',' ASC').replaceAll('-',' DESC')"/>
			order by ${orderByStr}
		</if>
	</select>

	<select id="query" parameterType="com.longshare.cmsp.customer.management.orm.param.CustFamilyQueryBean"
			resultType="com.longshare.cmsp.customer.management.orm.entity.CustFamilyEntity">
		select
		<include refid="includeColumns"/>
		from cust_family
		<include refid="dynamicWhere"/>
		<if test="orderBy != null and '' != orderBy">
			<bind name="orderByStr" value="orderBy.replaceAll('\\+',' ASC').replaceAll('-',' DESC')"/>
			order by ${orderByStr}
		</if>
	</select>

	<select id="queryById" parameterType="java.lang.String"
			resultType="com.longshare.cmsp.customer.management.orm.entity.CustFamilyEntity">
		select
		<include refid="includeColumns"/>
		from cust_family
		where
		family_id = #{familyId,jdbcType=CHAR}
	</select>

	<update id="update" parameterType="com.longshare.cmsp.customer.management.orm.entity.CustFamilyEntity">
		update cust_family
		<trim prefix="set" suffixOverrides=",">
									<if test="familyId != null and familyId != ''">
				family_id = #{familyId,jdbcType=CHAR},
			</if>
												<if test="customerId != null and customerId != ''">
				customer_id = #{customerId,jdbcType=CHAR},
			</if>
												<if test="name != null and name != ''">
				name = #{name,jdbcType=VARCHAR},
			</if>
												<if test="mobile != null and mobile != ''">
				mobile = #{mobile,jdbcType=VARCHAR},
			</if>
												<if test="relationship != null and relationship != ''">
				relationship = #{relationship,jdbcType=VARCHAR},
			</if>
												<if test="vocation != null and vocation != ''">
				vocation = #{vocation,jdbcType=VARCHAR},
			</if>
												<if test="birthday != null and birthday != ''">
				birthday = #{birthday,jdbcType=VARCHAR},
			</if>
								</trim>
		<where>
			family_id = #{familyId,jdbcType=CHAR}
		</where>
	</update>

	<insert id="insert" parameterType="com.longshare.cmsp.customer.management.orm.entity.CustFamilyEntity">
		insert into cust_family
		<trim prefix="(" suffix=")" suffixOverrides=",">
						family_id,
						customer_id,
						name,
						mobile,
						relationship,
						vocation,
						birthday,
					</trim>
		<trim prefix="values (" suffix=")" suffixOverrides=",">
									#{familyId,jdbcType=CHAR},
												#{customerId,jdbcType=CHAR},
												#{name,jdbcType=VARCHAR},
												#{mobile,jdbcType=VARCHAR},
												#{relationship,jdbcType=VARCHAR},
												#{vocation,jdbcType=VARCHAR},
												#{birthday,jdbcType=VARCHAR},
								</trim>
	</insert>
	<delete id="delete" parameterType="java.lang.String">
		delete from cust_family
		where
		family_id = #{familyId,jdbcType=CHAR}
	</delete>
</mapper>