		<?xml version="1.0" encoding="UTF-8"?>
		<!DOCTYPE mapper PUBLIC "-//mybatis.org//DTD Mapper 3.0//EN" "http://mybatis.org/dtd/mybatis-3-mapper.dtd">
<mapper namespace="com.longshare.cmsp.customer.management.orm.mapper.CustRCustomerTagMapper">
	<sql id="includeColumns">
		<trim suffixOverrides=",">
						tag_id as tagId,
						customer_id as customerId,
					</trim>

	</sql>
	<sql id="dynamicWhere">
		<where>
			1 = 1
									<if test="tagId != null and tagId != ''">
				and tag_id = #{tagId,jdbcType=CHAR}
			</if>
												<if test="customerId != null and customerId != ''">
				and customer_id = #{customerId,jdbcType=CHAR}
			</if>
								</where>
	</sql>

	<select id="queryByPage" parameterType="com.longshare.cmsp.customer.management.orm.param.CustRCustomerTagQueryBean"
			resultType="com.longshare.cmsp.customer.management.orm.entity.CustRCustomerTagEntity">
		select
		<include refid="includeColumns"/>

		from cust_r_customer_tag
		<include refid="dynamicWhere"/>
		<if test="orderByStr != null and '' != orderByStr">
			<bind name="orderByStr" value="orderBy.replaceAll('\\+',' ASC').replaceAll('-',' DESC')"/>
			order by ${orderByStr}
		</if>
	</select>

	<select id="query" parameterType="com.longshare.cmsp.customer.management.orm.param.CustRCustomerTagQueryBean"
			resultType="com.longshare.cmsp.customer.management.orm.entity.CustRCustomerTagEntity">
		select
		<include refid="includeColumns"/>
		from cust_r_customer_tag
		<include refid="dynamicWhere"/>
		<if test="orderBy != null and '' != orderBy">
			<bind name="orderByStr" value="orderBy.replaceAll('\\+',' ASC').replaceAll('-',' DESC')"/>
			order by ${orderByStr}
		</if>
	</select>

	<select id="queryById" parameterType="java.lang.String"
			resultType="com.longshare.cmsp.customer.management.orm.entity.CustRCustomerTagEntity">
		select
		<include refid="includeColumns"/>
		from cust_r_customer_tag
		where
		tag_id = #{tagId,jdbcType=CHAR}
	</select>

	<update id="update" parameterType="com.longshare.cmsp.customer.management.orm.entity.CustRCustomerTagEntity">
		update cust_r_customer_tag
		<trim prefix="set" suffixOverrides=",">
									<if test="tagId != null and tagId != ''">
				tag_id = #{tagId,jdbcType=CHAR},
			</if>
												<if test="customerId != null and customerId != ''">
				customer_id = #{customerId,jdbcType=CHAR},
			</if>
								</trim>
		<where>
			tag_id = #{tagId,jdbcType=CHAR}
		</where>
	</update>

	<insert id="insert" parameterType="com.longshare.cmsp.customer.management.orm.entity.CustRCustomerTagEntity">
		insert into cust_r_customer_tag
		<trim prefix="(" suffix=")" suffixOverrides=",">
						tag_id,
						customer_id,
					</trim>
		<trim prefix="values (" suffix=")" suffixOverrides=",">
									#{tagId,jdbcType=CHAR},
												#{customerId,jdbcType=CHAR},
								</trim>
	</insert>
	<delete id="delete" parameterType="java.lang.String">
		delete from cust_r_customer_tag
		where
		tag_id = #{tagId,jdbcType=CHAR}
	</delete>
</mapper>