<?xml version="1.0" encoding="utf-8"?>
<!DOCTYPE mapper PUBLIC "-//mybatis.org//DTD Mapper 3.0//EN" "http://mybatis.org/dtd/mybatis-3-mapper.dtd">

<mapper namespace="com.longshare.cmsp.customer.management.orm.mapper.CustCustomerMapper">
	<sql id="includeColumns">customer_id as customerId, \n name as name, \n pinyin as pinyin, \n type as type, \n i_d_type as iDType, \n i_d_number as iDNumber, \n i_d_expireation_date as iDExpireationDate, \n mobile as mobile, \n telephone as telephone, \n status as status, \n investor_type as investorType, \n employee_id as employeeId, \n nationality as nationality, \n birthday as birthday, \n gender as gender, \n area_code as areaCode, \n address as address, \n vocation as vocation, \n education as education, \n duty as duty, \n zipcode as zipcode, \n fax_no as faxNo, \n email as email, \n qq as qq, \n contact_i_d_type as contactIDType, \n contact_i_d_number as contactIDNumber, \n contact_name as contactName, \n contact_mobile as contactMobile, \n contact_email as contactEmail, \n contact_address as contactAddress, \n legal_name as legalName, \n legal_i_d_type as legalIDType, \n legal_i_d_number as legalIDNumber, \n organization_type as organizationType, \n source as source, \n referee as referee, \n member_status as memberStatus, \n member_time as memberTime, \n quaified_investor_status as quaifiedInvestorStatus, \n qualifed_investor_time as qualifedInvestorTime, \n invest_status as investStatus, \n risk_status as riskStatus, \n risk_level as riskLevel, \n risk_time as riskTime, \n description as description, \n invest_preference as investPreference, \n invest_purpose as investPurpose, \n invest_potential as investPotential, \n communication_will as communicationWill, \n communication_type as communicationType, \n gift_preference as giftPreference, \n activity_preference as activityPreference, \n personal_income as personalIncome, \n household_income as householdIncome, \n tags as tags, \n created_time as createdTime, \n creater as creater, \n modified_time as modifiedTime, \n modifier as modifier, \n</sql>
	<sql id="dynamicWhere"> 
		<where>\n 1 = 1
			<if test="customerId != null and customerId != ''">and customer_id = #{customerId,jdbcType=CHAR}</if> \n 
			<if test="name != null and name != ''">and name = #{name,jdbcType=VARCHAR}</if> \n 
			<if test="pinyin != null and pinyin != ''">and pinyin = #{pinyin,jdbcType=VARCHAR}</if> \n 
			<if test="type != null and type != ''">and type = #{type,jdbcType=VARCHAR}</if> \n 
			<if test="iDType != null and iDType != ''">and i_d_type = #{iDType,jdbcType=VARCHAR}</if> \n 
			<if test="iDNumber != null and iDNumber != ''">and i_d_number = #{iDNumber,jdbcType=VARCHAR}</if> \n 
			<if test="iDExpireationDate != null and iDExpireationDate != ''">and i_d_expireation_date = #{iDExpireationDate,jdbcType=VARCHAR}</if> \n 
			<if test="mobile != null and mobile != ''">and mobile = #{mobile,jdbcType=VARCHAR}</if> \n 
			<if test="telephone != null and telephone != ''">and telephone = #{telephone,jdbcType=VARCHAR}</if> \n 
			<if test="status != null and status != ''">and status = #{status,jdbcType=VARCHAR}</if> \n 
			<if test="investorType != null and investorType != ''">and investor_type = #{investorType,jdbcType=CHAR}</if> \n 
			<if test="employeeId != null and employeeId != ''">and employee_id = #{employeeId,jdbcType=CHAR}</if> \n 
			<if test="nationality != null and nationality != ''">and nationality = #{nationality,jdbcType=CHAR}</if> \n 
			<if test="birthday != null and birthday != ''">and birthday = #{birthday,jdbcType=VARCHAR}</if> \n 
			<if test="gender != null and gender != ''">and gender = #{gender,jdbcType=CHAR}</if> \n 
			<if test="areaCode != null and areaCode != ''">and area_code = #{areaCode,jdbcType=VARCHAR}</if> \n 
			<if test="address != null and address != ''">and address = #{address,jdbcType=VARCHAR}</if> \n 
			<if test="vocation != null and vocation != ''">and vocation = #{vocation,jdbcType=VARCHAR}</if> \n 
			<if test="education != null and education != ''">and education = #{education,jdbcType=VARCHAR}</if> \n 
			<if test="duty != null and duty != ''">and duty = #{duty,jdbcType=VARCHAR}</if> \n 
			<if test="zipcode != null and zipcode != ''">and zipcode = #{zipcode,jdbcType=VARCHAR}</if> \n 
			<if test="faxNo != null and faxNo != ''">and fax_no = #{faxNo,jdbcType=VARCHAR}</if> \n 
			<if test="email != null and email != ''">and email = #{email,jdbcType=VARCHAR}</if> \n 
			<if test="qq != null and qq != ''">and qq = #{qq,jdbcType=VARCHAR}</if> \n 
			<if test="contactIDType != null and contactIDType != ''">and contact_i_d_type = #{contactIDType,jdbcType=VARCHAR}</if> \n
			<if test="contactIDNumber != null and contactIDNumber != ''">and contact_i_d_number = #{contactIDNumber,jdbcType=VARCHAR}</if> \n 
			<if test="contactName != null and contactName != ''">and contact_name = #{contactName,jdbcType=VARCHAR}</if> \n 
			<if test="contactMobile != null and contactMobile != ''">and contact_mobile = #{contactMobile,jdbcType=VARCHAR}</if> \n 
			<if test="contactEmail != null and contactEmail != ''">and contact_email = #{contactEmail,jdbcType=VARCHAR}</if> \n 
			<if test="contactAddress != null and contactAddress != ''">and contact_address = #{contactAddress,jdbcType=VARCHAR}</if> \n 
			<if test="legalName != null and legalName != ''">and legal_name = #{legalName,jdbcType=VARCHAR}</if> \n 
			<if test="legalIDType != null and legalIDType != ''">and legal_i_d_type = #{legalIDType,jdbcType=VARCHAR}</if> \n 
			<if test="legalIDNumber != null and legalIDNumber != ''">and legal_i_d_number = #{legalIDNumber,jdbcType=VARCHAR}</if> \n 
			<if test="organizationType != null and organizationType != ''">and organization_type = #{organizationType,jdbcType=VARCHAR}</if> \n 
			<if test="source != null and source != ''">and source = #{source,jdbcType=VARCHAR}</if> \n 
			<if test="referee != null and referee != ''">and referee = #{referee,jdbcType=VARCHAR}</if> \n 
			<if test="memberStatus != null and memberStatus != ''">and member_status = #{memberStatus,jdbcType=VARCHAR}</if> \n 
			<if test="memberTime != null and memberTime != ''">and member_time = #{memberTime,jdbcType=TIMESTAMP}</if> \n 
			<if test="quaifiedInvestorStatus != null and quaifiedInvestorStatus != ''">and quaified_investor_status = #{quaifiedInvestorStatus,jdbcType=VARCHAR}</if> \n 
			<if test="qualifedInvestorTime != null and qualifedInvestorTime != ''">and qualifed_investor_time = #{qualifedInvestorTime,jdbcType=TIMESTAMP}</if> \n 
			<if test="investStatus != null and investStatus != ''">and invest_status = #{investStatus,jdbcType=VARCHAR}</if> \n 
			<if test="riskStatus != null and riskStatus != ''">and risk_status = #{riskStatus,jdbcType=VARCHAR}</if> \n 
			<if test="riskLevel != null and riskLevel != ''">and risk_level = #{riskLevel,jdbcType=INTEGER}</if> \n 
			<if test="riskTime != null and riskTime != ''">and risk_time = #{riskTime,jdbcType=TIMESTAMP}</if> \n 
			<if test="description != null and description != ''">and description = #{description,jdbcType=VARCHAR}</if> \n 
			<if test="investPreference != null and investPreference != ''">and invest_preference = #{investPreference,jdbcType=VARCHAR}</if> \n 
			<if test="investPurpose != null and investPurpose != ''">and invest_purpose = #{investPurpose,jdbcType=VARCHAR}</if> \n 
			<if test="investPotential != null and investPotential != ''">and invest_potential = #{investPotential,jdbcType=VARCHAR}</if> \n 
			<if test="communicationWill != null and communicationWill != ''">and communication_will = #{communicationWill,jdbcType=VARCHAR}</if> \n 
			<if test="communicationType != null and communicationType != ''">and communication_type = #{communicationType,jdbcType=VARCHAR}</if> \n 
			<if test="giftPreference != null and giftPreference != ''">and gift_preference = #{giftPreference,jdbcType=VARCHAR}</if> \n 
			<if test="activityPreference != null and activityPreference != ''">and activity_preference = #{activityPreference,jdbcType=VARCHAR}</if> \n 
			<if test="personalIncome != null and personalIncome != ''">and personal_income = #{personalIncome,jdbcType=VARCHAR}</if> \n 
			<if test="householdIncome != null and householdIncome != ''">and household_income = #{householdIncome,jdbcType=VARCHAR}</if> \n 
			<if test="tags != null and tags != ''">and tags = #{tags,jdbcType=VARCHAR}</if> \n 
			<if test="createdTimeStart != null">\n and created_time <![CDATA[ >= ]]> #{createdTimeStart,jdbcType=TIMESTAMP} \n</if> \n 
			<if test="createdTimeEnd != null">\n and created_time <![CDATA[ <= ]]> #{createdTimeEnd,jdbcType=TIMESTAMP} \n</if> \n 
			<if test="creater != null and creater != ''">and creater = #{creater,jdbcType=VARCHAR}</if> \n 
			<if test="modifiedTimeStart != null">\n and modified_time <![CDATA[ >= ]]> #{modifiedTimeStart,jdbcType=TIMESTAMP} \n</if> \n 
			<if test="modifiedTimeEnd != null">\n and modified_time <![CDATA[ <= ]]> #{modifiedTimeEnd,jdbcType=TIMESTAMP} \n</if> \n 
			<if test="modifier != null and modifier != ''">and modifier = #{modifier,jdbcType=VARCHAR}</if> \n
		</where> 
	</sql>
	<select id="queryByPage" parameterType="com.longshare.cmsp.customer.management.orm.param.CustCustomerQueryBean" resultType="com.longshare.cmsp.customer.management.orm.entity.CustCustomerEntity">select 
		<include refid="includeColumns"/> from cust_customer 
		<include refid="dynamicWhere"/>  
		<if test="orderBy != null and '' != orderBy"> 
			<bind name="orderByStr" value="orderBy.replaceAll('\\+',' ASC').replaceAll('-',' DESC')"/> order by ${orderByStr}
		</if> 
	</select>
	<select id="query" parameterType="com.longshare.cmsp.customer.management.orm.param.CustCustomerQueryBean" resultType="com.longshare.cmsp.customer.management.orm.entity.CustCustomerEntity">select 
		<include refid="includeColumns"/> from cust_customer 
		<include refid="dynamicWhere"/>  
		<if test="orderBy != null and '' != orderBy"> 
			<bind name="orderByStr" value="orderBy.replaceAll('\\+',' ASC').replaceAll('-',' DESC')"/> order by ${orderByStr}
		</if> 
	</select>
	<select id="queryById" parameterType="java.lang.String" resultType="com.longshare.cmsp.customer.management.orm.entity.CustCustomerEntity">select 
		<include refid="includeColumns"/> from cust_customer where customer_id = #{customerId,jdbcType=CHAR}
	</select>
	<update id="update" parameterType="com.longshare.cmsp.customer.management.orm.entity.CustCustomerEntity">update cust_customer 
		<set> 
			<if test="customerId != null and customerId != ''">customer_id = #{customerId,jdbcType=CHAR},</if>  
			<if test="name != null and name != ''">name = #{name,jdbcType=VARCHAR},</if>  
			<if test="pinyin != null and pinyin != ''">pinyin = #{pinyin,jdbcType=VARCHAR},</if>  
			<if test="type != null and type != ''">type = #{type,jdbcType=VARCHAR},</if>  
			<if test="iDType != null and iDType != ''">i_d_type = #{iDType,jdbcType=VARCHAR},</if>  
			<if test="iDNumber != null and iDNumber != ''">i_d_number = #{iDNumber,jdbcType=VARCHAR},</if>  
			<if test="iDExpireationDate != null and iDExpireationDate != ''">i_d_expireation_date = #{iDExpireationDate,jdbcType=VARCHAR},</if>  
			<if test="mobile != null and mobile != ''">mobile = #{mobile,jdbcType=VARCHAR},</if>  
			<if test="telephone != null and telephone != ''">telephone = #{telephone,jdbcType=VARCHAR},</if>  
			<if test="status != null and status != ''">status = #{status,jdbcType=VARCHAR},</if>  
			<if test="investorType != null and investorType != ''">investor_type = #{investorType,jdbcType=CHAR},</if>  
			<if test="employeeId != null and employeeId != ''">employee_id = #{employeeId,jdbcType=CHAR},</if>  
			<if test="nationality != null and nationality != ''">nationality = #{nationality,jdbcType=CHAR},</if>  
			<if test="birthday != null and birthday != ''">birthday = #{birthday,jdbcType=VARCHAR},</if>  
			<if test="gender != null and gender != ''">gender = #{gender,jdbcType=CHAR},</if>  
			<if test="areaCode != null and areaCode != ''">area_code = #{areaCode,jdbcType=VARCHAR},</if>  
			<if test="address != null and address != ''">address = #{address,jdbcType=VARCHAR},</if>  
			<if test="vocation != null and vocation != ''">vocation = #{vocation,jdbcType=VARCHAR},</if>  
			<if test="education != null and education != ''">education = #{education,jdbcType=VARCHAR},</if>  
			<if test="duty != null and duty != ''">duty = #{duty,jdbcType=VARCHAR},</if>  
			<if test="zipcode != null and zipcode != ''">zipcode = #{zipcode,jdbcType=VARCHAR},</if>  
			<if test="faxNo != null and faxNo != ''">fax_no = #{faxNo,jdbcType=VARCHAR},</if>  
			<if test="email != null and email != ''">email = #{email,jdbcType=VARCHAR},</if>  
			<if test="qq != null and qq != ''">qq = #{qq,jdbcType=VARCHAR},</if>  
			<if test="contactIDType != null and contactIDType != ''">contact_i_d_type = #{contactIDType,jdbcType=VARCHAR},</if>  
			<if test="contactIDNumber != null and contactIDNumber != ''">contact_i_d_number = #{contactIDNumber,jdbcType=VARCHAR},</if>  
			<if test="contactName != null and contactName != ''">contact_name = #{contactName,jdbcType=VARCHAR},</if>  
			<if test="contactMobile != null and contactMobile != ''">contact_mobile = #{contactMobile,jdbcType=VARCHAR},</if>  
			<if test="contactEmail != null and contactEmail != ''">contact_email = #{contactEmail,jdbcType=VARCHAR},</if>  
			<if test="contactAddress != null and contactAddress != ''">contact_address = #{contactAddress,jdbcType=VARCHAR},</if>  
			<if test="legalName != null and legalName != ''">legal_name = #{legalName,jdbcType=VARCHAR},</if>  
			<if test="legalIDType != null and legalIDType != ''">legal_i_d_type = #{legalIDType,jdbcType=VARCHAR},</if>  
			<if test="legalIDNumber != null and legalIDNumber != ''">legal_i_d_number = #{legalIDNumber,jdbcType=VARCHAR},</if>  
			<if test="organizationType != null and organizationType != ''">organization_type = #{organizationType,jdbcType=VARCHAR},</if>  
			<if test="source != null and source != ''">source = #{source,jdbcType=VARCHAR},</if>  
			<if test="referee != null and referee != ''">referee = #{referee,jdbcType=VARCHAR},</if>  
			<if test="memberStatus != null and memberStatus != ''">member_status = #{memberStatus,jdbcType=VARCHAR},</if>  
			<if test="memberTime != null">member_time = #{memberTime,jdbcType=TIMESTAMP},</if>  
			<if test="quaifiedInvestorStatus != null and quaifiedInvestorStatus != ''">quaified_investor_status = #{quaifiedInvestorStatus,jdbcType=VARCHAR},</if>  
			<if test="qualifedInvestorTime != null">qualifed_investor_time = #{qualifedInvestorTime,jdbcType=TIMESTAMP},</if>  
			<if test="investStatus != null and investStatus != ''">invest_status = #{investStatus,jdbcType=VARCHAR},</if>  
			<if test="riskStatus != null and riskStatus != ''">risk_status = #{riskStatus,jdbcType=VARCHAR},</if>  
			<if test="riskLevel != null and riskLevel != ''">risk_level = #{riskLevel,jdbcType=INTEGER},</if>  
			<if test="riskTime != null">risk_time = #{riskTime,jdbcType=TIMESTAMP},</if>  
			<if test="description != null and description != ''">description = #{description,jdbcType=VARCHAR},</if>  
			<if test="investPreference != null and investPreference != ''">invest_preference = #{investPreference,jdbcType=VARCHAR},</if>  
			<if test="investPurpose != null and investPurpose != ''">invest_purpose = #{investPurpose,jdbcType=VARCHAR},</if>  
			<if test="investPotential != null and investPotential != ''">invest_potential = #{investPotential,jdbcType=VARCHAR},</if>  
			<if test="communicationWill != null and communicationWill != ''">communication_will = #{communicationWill,jdbcType=VARCHAR},</if>  
			<if test="communicationType != null and communicationType != ''">communication_type = #{communicationType,jdbcType=VARCHAR},</if>  
			<if test="giftPreference != null and giftPreference != ''">gift_preference = #{giftPreference,jdbcType=VARCHAR},</if>  
			<if test="activityPreference != null and activityPreference != ''">activity_preference = #{activityPreference,jdbcType=VARCHAR},</if>  
			<if test="personalIncome != null and personalIncome != ''">personal_income = #{personalIncome,jdbcType=VARCHAR},</if>  
			<if test="householdIncome != null and householdIncome != ''">household_income = #{householdIncome,jdbcType=VARCHAR},</if>  
			<if test="tags != null and tags != ''">tags = #{tags,jdbcType=VARCHAR},</if>  
			<if test="createdTime != null">created_time = #{createdTime,jdbcType=TIMESTAMP},</if>  
			<if test="creater != null and creater != ''">creater = #{creater,jdbcType=VARCHAR},</if> modified_time = now(), 
			<if test="modifier != null and modifier != ''">modifier = #{modifier,jdbcType=VARCHAR},</if> 
		</set>  
		<where>customer_id = #{customerId,jdbcType=CHAR}</where> 
	</update>
	<insert id="insert" parameterType="com.longshare.cmsp.customer.management.orm.entity.CustCustomerEntity">insert into cust_customer ( customer_id, name, pinyin, type, i_d_type, i_d_number, i_d_expireation_date, mobile, telephone, status, investor_type, employee_id, nationality, birthday, gender, area_code, address, vocation, education, duty, zipcode, fax_no, email, qq, contact_i_d_type, contact_i_d_number, contact_name, contact_mobile, contact_email, contact_address, legal_name, legal_i_d_type, legal_i_d_number, organization_type, source, referee, member_status, member_time, quaified_investor_status, qualifed_investor_time, invest_status, risk_status, risk_level, risk_time, description, invest_preference, invest_purpose, invest_potential, communication_will, communication_type, gift_preference, activity_preference, personal_income, household_income, tags, created_time, creater, modified_time, modifier, ) values ( #{customerId,jdbcType=CHAR}, #{name,jdbcType=VARCHAR}, #{pinyin,jdbcType=VARCHAR}, #{type,jdbcType=VARCHAR}, #{iDType,jdbcType=VARCHAR}, #{iDNumber,jdbcType=VARCHAR}, #{iDExpireationDate,jdbcType=VARCHAR}, #{mobile,jdbcType=VARCHAR}, #{telephone,jdbcType=VARCHAR}, #{status,jdbcType=VARCHAR}, #{investorType,jdbcType=CHAR}, #{employeeId,jdbcType=CHAR}, #{nationality,jdbcType=CHAR}, #{birthday,jdbcType=VARCHAR}, #{gender,jdbcType=CHAR}, #{areaCode,jdbcType=VARCHAR}, #{address,jdbcType=VARCHAR}, #{vocation,jdbcType=VARCHAR}, #{education,jdbcType=VARCHAR}, #{duty,jdbcType=VARCHAR}, #{zipcode,jdbcType=VARCHAR}, #{faxNo,jdbcType=VARCHAR}, #{email,jdbcType=VARCHAR}, #{qq,jdbcType=VARCHAR}, #{contactIDType,jdbcType=VARCHAR}, #{contactIDNumber,jdbcType=VARCHAR}, #{contactName,jdbcType=VARCHAR}, #{contactMobile,jdbcType=VARCHAR}, #{contactEmail,jdbcType=VARCHAR}, #{contactAddress,jdbcType=VARCHAR}, #{legalName,jdbcType=VARCHAR}, #{legalIDType,jdbcType=VARCHAR}, #{legalIDNumber,jdbcType=VARCHAR}, #{organizationType,jdbcType=VARCHAR}, #{source,jdbcType=VARCHAR}, #{referee,jdbcType=VARCHAR}, #{memberStatus,jdbcType=VARCHAR}, #{memberTime,jdbcType=TIMESTAMP}, #{quaifiedInvestorStatus,jdbcType=VARCHAR}, #{qualifedInvestorTime,jdbcType=TIMESTAMP}, #{investStatus,jdbcType=VARCHAR}, #{riskStatus,jdbcType=VARCHAR}, #{riskLevel,jdbcType=INTEGER}, #{riskTime,jdbcType=TIMESTAMP}, #{description,jdbcType=VARCHAR}, #{investPreference,jdbcType=VARCHAR}, #{investPurpose,jdbcType=VARCHAR}, #{investPotential,jdbcType=VARCHAR}, #{communicationWill,jdbcType=VARCHAR}, #{communicationType,jdbcType=VARCHAR}, #{giftPreference,jdbcType=VARCHAR}, #{activityPreference,jdbcType=VARCHAR}, #{personalIncome,jdbcType=VARCHAR}, #{householdIncome,jdbcType=VARCHAR}, #{tags,jdbcType=VARCHAR}, now(), #{creater,jdbcType=VARCHAR}, now(), #{modifier,jdbcType=VARCHAR}, )</insert>
	<delete id="delete" parameterType="java.lang.String">delete from cust_customer where customer_id = #{customerId,jdbcType=CHAR}</delete>
</mapper>
